[
    {
        "email": "admin@admin.com",
        "ic_admin": true,
        "idUsuario": 1,
        "nome": "Administrador",
        "senha": "admin"
    },
    {
        "email": "joice@appointment.com",
        "ic_admin": false,
        "idUsuario": 2,
        "nome": "Joice",
        "senha": "joice"
    },
    {
        "email": "guilherme@appointment.com",
        "ic_admin": false,
        "idUsuario": 3,
        "nome": "Guilherme",
        "senha": "guilherme"
    },
    {
        "email": "luan@appointment.com",
        "ic_admin": false,
        "idUsuario": 6,
        "nome": "Luan",
        "senha": "luan"
    },
    {
        "email": "douglas@douglas.com",
        "ic_admin": false,
        "idUsuario": 7,
        "nome": "Douglas",
        "senha": "douglas"
    },
    {
        "email": "joao@appointment.com",
        "ic_admin": false,
        "idUsuario": 8,
        "nome": "Jo\u00e3o Doe",
        "senha": "joao"
    }
]